{
  "pagesTotal":1,
  "txs":[
     {
        "txid":"89df210e3f923a1b688669480c0010c5023ff45512c7b62ff78cfbce925d007f",
        "version":4,
        "locktime":1662731295,
        "vin":[
           {
              "coinbase":"0322d92e0101",
              "sequence":4294967295,
              "n":0
           }
        ],
        "vout":[
           {
              "value":"3.00043367",
              "n":0,
              "scriptPubKey":{
                 "hex":"210284af1a5ef01503e6316a2ca4abf8423a794e9fc17ac6846f042b6f4adedc3309ac",
                 "asm":"0284af1a5ef01503e6316a2ca4abf8423a794e9fc17ac6846f042b6f4adedc3309 OP_CHECKSIG",
                 "addresses":[
                    "RRrqjqDPZ9XC6xJMeKgf7GNHjiU88hJQ16"
                 ],
                 "type":"pubkeyhash"
              },
              "spentTxId":null,
              "spentIndex":null,
              "spentHeight":null
           }
        ],
        "vjoinsplit":[
           
        ],
        "blockhash":"0aa3c25a68de26d6e03abf88f22c5d7dacd0a6fe48f1393bb4e904429d4c40d0",
        "blockheight":3070242,
        "confirmations":1824,
        "time":1662731413,
        "blocktime":1662731413,
        "isCoinBase":true,
        "valueOut":3.00043367,
        "size":120,
        "fOverwintered":true,
        "nVersionGroupId":2301567109,
        "nExpiryHeight":0,
        "valueBalance":0,
        "spendDescs":[
           
        ],
        "outputDescs":[
           
        ]
     }
  ]
}